number,value,datetime_start,datetime_complete,duration,params_bagging_temperature,params_bootstrap_type,params_border_count,params_cw_blue,params_cw_green,params_cw_orange,params_cw_red,params_depth,params_grow_policy,params_iterations,params_l2_leaf_reg,params_leaf_estimation_iterations,params_leaf_estimation_method,params_learning_rate,params_max_leaves,params_min_data_in_leaf,params_random_strength,params_rsm,params_subsample,state
0,0.8125083449760417,2026-05-20 13:54:02.025590,2026-05-20 13:54:20.265102,0 days 00:00:18.239512,,MVS,248,6.312602499862605,1.8105311308911887,7.047230260989621,14.06939792754147,8,SymmetricTree,700,0.05134399730019295,3,Gradient,0.1734451662584154,,,1.5320059381854043e-08,0.899465584480253,0.5825453457757226,COMPLETE
1,0.8453842365432532,2026-05-20 13:54:20.466891,2026-05-20 13:55:30.935639,0 days 00:01:10.468748,0.9767211400638387,Bayesian,46,0.8266909505945748,2.728296095500716,2.7085352878269036,12.12350735601083,4,Depthwise,2800,0.005725009730373867,10,Newton,0.056542201075504325,,69.0,3.425445902633376e-07,0.9693313223519999,,COMPLETE
2,0.8466616340873268,2026-05-20 13:55:31.152551,2026-05-20 13:56:31.872504,0 days 00:01:00.719953,,Bernoulli,164,5.65561279000336,1.7642052935932133,5.99454657371025,21.060962710494376,9,Lossguide,1300,8.01208204491558,1,Newton,0.26487326352428686,109.0,28.0,1.1309571585271483,0.9531245410138701,0.5951981984579586,COMPLETE
3,0.8431495371820936,2026-05-20 13:56:32.050371,2026-05-20 13:56:51.922230,0 days 00:00:19.871859,,MVS,48,7.431258694211609,1.9633249491203617,5.353752504019271,3.4618420565785435,8,SymmetricTree,500,0.08107544238906852,2,Newton,0.1409236110165583,,,0.08738424135626986,0.6150794371265635,0.5985388149115896,COMPLETE
4,0.5811925516796534,2026-05-20 13:56:52.093196,2026-05-20 13:57:01.910817,0 days 00:00:09.817621,,MVS,36,1.2313091433735335,1.529591744712301,11.577715939602681,11.438807229819483,7,Lossguide,3000,0.0008995025686634,1,Newton,0.11745358019222601,234.0,25.0,7.04480806377519e-05,0.4647348561959827,0.7051424146988217,COMPLETE
5,0.591622736648798,2026-05-20 13:57:02.070750,2026-05-20 14:01:38.480449,0 days 00:04:36.409699,8.18014765922493,Bayesian,232,1.6387209896699866,1.4994851471182862,6.843754044082906,13.747187959284012,10,Lossguide,4100,0.0012924442669322014,2,Gradient,0.010732966845902341,223.0,1.0,0.18491042486838075,0.5908020849831184,,COMPLETE
6,0.8525247703166636,2026-05-20 14:01:38.646881,2026-05-20 14:02:00.456149,0 days 00:00:21.809268,,MVS,94,9.863679314050707,2.7025374212490334,3.0285282092771233,7.509923485340366,5,Depthwise,4900,0.0005158036179846117,7,Newton,0.2572449543972568,,91.0,5.103930927389519e-06,0.4221321684127197,0.5671878785419668,COMPLETE
7,0.804149251269199,2026-05-20 14:02:00.708670,2026-05-20 14:02:34.737480,0 days 00:00:34.028810,0.16587828927856152,Bayesian,102,7.063908511973427,1.2846489305224615,10.032419065732299,7.209402829552573,7,Depthwise,3400,7.172773200303202e-08,1,Gradient,0.06690855515432795,,52.0,0.3293991394919696,0.5119111062399125,,COMPLETE
8,0.7960805286791759,2026-05-20 14:02:34.908114,2026-05-20 14:04:01.984445,0 days 00:01:27.076331,,MVS,150,7.908817685647427,4.491888909193028,13.559543639336079,18.696980614015505,8,Lossguide,4500,0.5557940374422914,1,Gradient,0.014375707649173603,97.0,35.0,0.0009926755025313784,0.545111374540271,0.7798608743639608,COMPLETE
9,0.7329616673198096,2026-05-20 14:04:02.299993,2026-05-20 14:04:21.663449,0 days 00:00:19.363456,,Bernoulli,186,6.747322476853262,4.3215053472238,10.094860586661005,19.169302317714557,4,SymmetricTree,900,3.341930408530627e-07,3,Newton,0.07564435161995303,,,0.0008681686601996979,0.7911767557015603,0.5952398188955607,COMPLETE
10,0.8325853415477205,2026-05-20 14:04:21.830840,2026-05-20 14:05:51.651569,0 days 00:01:29.820729,,Bernoulli,160,4.016507652426721,4.616889755992018,14.355000078036223,23.630547440117027,8,Lossguide,2300,0.34081845100974206,2,Newton,0.1928251606333976,171.0,18.0,0.00033399028774321775,0.6955106162913183,0.41458957985887235,COMPLETE
11,0.7943314454819653,2026-05-20 14:05:51.822871,2026-05-20 14:07:03.800833,0 days 00:01:11.977962,,MVS,156,8.835044183315576,2.8324834356368154,2.9611762133113366,24.771238552398056,9,SymmetricTree,1800,1.0081108086901795e-05,7,Newton,0.02419535574688273,,,3.353009007953809e-07,0.9616928644964686,0.7690043360195018,COMPLETE
12,0.8682954930165389,2026-05-20 14:07:03.971554,2026-05-20 14:08:35.450748,0 days 00:01:31.479194,,Bernoulli,210,5.655124029721978,2.5951910815960706,1.5031918331543892,15.300443242912001,10,Lossguide,4200,0.0007015423879253971,8,Gradient,0.1740827472474901,106.0,10.0,0.000326322223997746,0.7899783584666591,0.6027970941109215,COMPLETE
13,0.8291433310150609,2026-05-20 14:08:35.610519,2026-05-20 14:08:53.301097,0 days 00:00:17.690578,,MVS,50,3.072906386989705,4.078337876459166,5.521390621177444,13.874908010927491,9,Depthwise,1000,1.1100998575036377e-06,6,Gradient,0.04242262228438098,,98.0,0.00403658667619465,0.43100903270116464,0.835654800233597,COMPLETE
14,0.5714767029645168,2026-05-20 14:08:53.469721,2026-05-20 14:09:03.389131,0 days 00:00:09.919410,,Bernoulli,192,3.881740447186985,1.6147894527552085,6.8744008739890585,16.0695771633901,5,SymmetricTree,2300,2.352785251055042e-06,3,Newton,0.010165143555207987,,,0.0008770815639893795,0.7961184260306388,0.7326124315068404,COMPLETE
15,0.7255794439474086,2026-05-20 14:09:03.525784,2026-05-20 14:09:29.219948,0 days 00:00:25.694164,,Bernoulli,70,2.047877057273582,3.4641213422852526,12.990857776636512,13.572133947342017,4,Lossguide,3700,0.000456145357619613,4,Gradient,0.0348435817054887,106.0,63.0,0.00018249288504126838,0.6603109895427839,0.42718240586322676,COMPLETE
16,0.8109181372622037,2026-05-20 14:09:29.373899,2026-05-20 14:10:36.121313,0 days 00:01:06.747414,,MVS,118,3.530268487790732,0.8203489180710304,10.562094827828997,4.172188097386353,7,Depthwise,2200,0.0014820964634030681,10,Newton,0.06963599001131683,,2.0,2.972920385426788,0.9767143382943485,0.460466800826456,COMPLETE
17,0.8299537846900146,2026-05-20 14:10:36.279308,2026-05-20 14:12:03.484137,0 days 00:01:27.204829,,Bernoulli,70,7.633275144019225,2.4304731231875825,13.017778525802164,23.407418488881987,9,Lossguide,3300,0.4117998680385509,9,Newton,0.18165525354899853,203.0,35.0,3.4539110844500054e-06,0.850368850984515,0.6232108514756699,COMPLETE
18,0.7618942561747449,2026-05-20 14:12:03.650903,2026-05-20 14:12:38.824903,0 days 00:00:35.174000,4.4844552197831975,Bayesian,102,8.02000091539556,3.88568538246956,10.415258385078538,9.559284543508067,4,Depthwise,4600,3.8055266913815773,10,Gradient,0.02460534484269942,,30.0,6.631016232865143e-08,0.9700371802304829,,COMPLETE
19,0.5707302550961155,2026-05-20 14:12:38.991295,2026-05-20 14:12:45.707976,0 days 00:00:06.716681,,Bernoulli,170,4.055572559683143,4.93987810325529,2.187727997192687,3.8710219547636946,4,Depthwise,4500,2.2654240631048404e-07,1,Newton,0.021035361149572242,,71.0,0.07138314619350962,0.46067360567367416,0.8931160355742137,COMPLETE
20,0.6936177393089189,2026-05-20 14:12:45.833919,2026-05-20 14:12:53.891682,0 days 00:00:08.057763,1.1881791626807192,Bayesian,56,6.0420032684230165,3.857201956694405,10.08894422962489,4.703103675873413,7,SymmetricTree,800,0.0001048101688302488,1,Newton,0.12046330234699262,,,1.4361158183889995,0.6955750625745155,,COMPLETE
21,0.8104876309512479,2026-05-20 14:12:54.049977,2026-05-20 14:13:11.993436,0 days 00:00:17.943459,,Bernoulli,254,0.9317406132438497,4.5552110472094505,9.180400366923404,16.43383584193346,4,Lossguide,500,2.7891466132227034,6,Newton,0.2651925093374426,183.0,46.0,0.0005614485722570412,0.44427793884123934,0.7776391828811575,COMPLETE
22,0.8108725559222278,2026-05-20 14:13:12.246166,2026-05-20 14:13:52.708485,0 days 00:00:40.462319,,MVS,250,9.523099176273279,4.201417593154261,13.752980582913795,5.7401896049325,6,Depthwise,1300,0.003399223676499874,7,Newton,0.033380735602413794,,69.0,5.007393631845105e-08,0.9917264466877618,0.8882770118241692,COMPLETE
23,0.8076950798690683,2026-05-20 14:13:53.024169,2026-05-20 14:14:52.664387,0 days 00:00:59.640218,,Bernoulli,164,8.714862574423005,0.753689734929172,4.827699007029887,11.540848553766299,9,SymmetricTree,600,22.72665867245271,10,Newton,0.02335494295625277,,,2.2581460114803295e-07,0.6285345139786129,0.6812158958769822,COMPLETE
24,0.7211234931672925,2026-05-20 14:14:52.832780,2026-05-20 14:16:19.488756,0 days 00:01:26.655976,,MVS,166,5.743114968357613,4.334816751433431,8.282289015567908,19.763323009919706,7,Lossguide,4400,1.67517212839396e-07,7,Newton,0.013765511092757554,177.0,53.0,3.8588619791066523,0.5371856833020776,0.46813455531977743,COMPLETE
25,0.8280755600917713,2026-05-20 14:16:19.659904,2026-05-20 14:16:50.966554,0 days 00:00:31.306650,,MVS,110,9.5204459247476,4.380636689360353,9.709213803190229,11.120483993389215,5,Lossguide,3300,1.9606903430496754e-07,4,Gradient,0.08931621785592124,139.0,79.0,1.351767469947463e-08,0.7539506121127799,0.6089532802139802,COMPLETE
26,0.7488176140593288,2026-05-20 14:16:51.139473,2026-05-20 14:17:46.975506,0 days 00:00:55.836033,,MVS,60,2.3267456786823724,1.2754394204073343,10.345808339294381,12.901117726046063,8,Lossguide,2700,1.8875095078312064e-06,2,Gradient,0.019210562929559673,99.0,90.0,4.816925761080064e-08,0.4768275033746635,0.509128050639487,COMPLETE
27,0.8087417731697505,2026-05-20 14:17:47.147165,2026-05-20 14:18:13.868572,0 days 00:00:26.721407,9.208724005318132,Bayesian,40,7.608467058644754,4.127905759068776,4.876287074060852,3.4047930766618664,6,SymmetricTree,2600,0.0005901284027116437,7,Gradient,0.011637576898395506,,,0.01635134408779742,0.8796462393454256,,COMPLETE
28,0.7037731252640655,2026-05-20 14:18:14.025007,2026-05-20 14:18:35.436706,0 days 00:00:21.411699,5.326172664550231,Bayesian,232,3.559752073040194,0.5903203899997687,6.281978283464717,8.192594311835762,4,Depthwise,2600,2.4681726225139164e-06,6,Gradient,0.10668083040966359,,25.0,0.026311540309806165,0.7070064652693997,,COMPLETE
29,0.809206663042854,2026-05-20 14:18:35.573272,2026-05-20 14:19:02.750866,0 days 00:00:27.177594,,MVS,198,6.254860783890428,4.939318619568408,5.985354162569847,15.127901007384974,4,SymmetricTree,4100,0.0012309029811575977,2,Gradient,0.0384835939460013,,,0.0019123618098632563,0.6589957277378076,0.7875503447989607,COMPLETE
30,0.7950982619480331,2026-05-20 14:19:02.880509,2026-05-20 14:19:55.692424,0 days 00:00:52.811915,,Bernoulli,122,6.852110589282095,1.2689941432552962,4.610639578629158,20.79265763183344,10,SymmetricTree,1800,5.7595020388949423e-08,2,Gradient,0.010168443493854182,,,0.0005255360422674464,0.9894271701451638,0.9193042755363882,COMPLETE
31,0.8327601329587522,2026-05-20 14:19:55.850527,2026-05-20 14:20:20.537722,0 days 00:00:24.687195,,Bernoulli,168,9.90462220770448,0.7851873671274548,2.8818054771456394,9.741898398460172,7,Depthwise,1900,1.983108278125089e-06,6,Gradient,0.0285404186679087,,6.0,1.0802677790276098e-07,0.5731783319441535,0.7195536595309515,COMPLETE
32,0.6775408102190363,2026-05-20 14:20:20.676045,2026-05-20 14:20:31.917732,0 days 00:00:11.241687,,MVS,248,8.055039462668958,1.1289756948183027,12.785602874615808,15.212881603137973,6,Depthwise,2600,6.445556354087082,8,Newton,0.02699513109082683,,75.0,0.2989335571902534,0.4745783340913269,0.4398977604200665,COMPLETE
33,0.8420650130384597,2026-05-20 14:20:32.057100,2026-05-20 14:21:34.939793,0 days 00:01:02.882693,,Bernoulli,116,9.111485054163197,2.945987875012949,6.3744770992249595,22.690215185315076,6,SymmetricTree,2100,0.5482919938989981,4,Newton,0.18145345539095828,,,8.958064334943658e-05,0.6776078714017639,0.5393276170880904,COMPLETE
34,0.8212761777987396,2026-05-20 14:21:35.110571,2026-05-20 14:23:35.904962,0 days 00:02:00.794391,5.698896848713165,Bayesian,64,8.301944394384122,2.0393678692215835,13.274718914664492,19.536549772035883,7,SymmetricTree,4100,2.9616136172883114,3,Newton,0.06332178525906913,,,0.12513387716723579,0.587033240677329,,COMPLETE
35,0.8049587623300287,2026-05-20 14:23:36.077147,2026-05-20 14:24:01.539618,0 days 00:00:25.462471,,MVS,152,6.069183404159574,1.190081314022361,14.261966754565414,12.626133483815051,9,Depthwise,1500,0.011918836411398253,4,Gradient,0.09621533845732032,,41.0,0.017600945582106085,0.5510794353441717,0.7500350768596723,COMPLETE
36,0.7163890377977695,2026-05-20 14:24:01.707498,2026-05-20 14:24:27.953228,0 days 00:00:26.245730,,MVS,166,9.247997884865036,1.0609820654147009,12.744573210243077,24.651347576133695,8,Depthwise,3700,2.7901721902904576e-07,8,Newton,0.21843057672932864,,12.0,0.0015367217620165172,0.6544784027814317,0.6705036228424792,COMPLETE
37,0.7755850052352965,2026-05-20 14:24:28.114092,2026-05-20 14:26:03.875435,0 days 00:01:35.761343,,Bernoulli,238,5.234493841025057,1.293741439278005,2.971998285317198,12.406108871051948,6,SymmetricTree,4100,5.9359876539015374e-05,4,Newton,0.00509573038982545,,,0.0006863733717155804,0.6078075966195767,0.5347628937639892,COMPLETE
38,0.6181951006521456,2026-05-20 14:26:04.049148,2026-05-20 14:26:16.794988,0 days 00:00:12.745840,,MVS,50,0.8472218445569013,1.3580947429864996,3.8719549667481004,22.655248657136415,10,Depthwise,3500,2.563862303557999e-07,6,Newton,0.010364417082360276,,21.0,5.3903518410543275e-05,0.9981245511075684,0.8499762822395067,COMPLETE
39,0.8478797939675774,2026-05-20 14:26:16.966831,2026-05-20 14:26:46.931707,0 days 00:00:29.964876,,MVS,224,6.759777448146438,3.721875029813289,3.186136363126665,2.583886180187932,7,SymmetricTree,2500,2.959583751328969e-07,4,Gradient,0.02579807744379111,,,4.338635589904383e-07,0.9676692772801796,0.6452405026588579,COMPLETE
40,0.775224985347563,2026-05-20 14:26:47.102209,2026-05-20 14:28:59.197224,0 days 00:02:12.095015,6.680851365706461,Bayesian,86,0.6235182733519924,4.5335111833450386,5.104068223654186,6.714638794563882,8,SymmetricTree,4100,1.8083691800544089e-06,9,Newton,0.010386026309930749,,,7.851859771865083e-08,0.8333601591133954,,COMPLETE
41,0.8124769700524134,2026-05-20 14:28:59.367853,2026-05-20 14:29:42.710259,0 days 00:00:43.342406,,MVS,164,8.750445771030172,1.1305092909490364,11.69048111823665,23.814426060129605,6,Depthwise,4600,2.8746656196543606e-06,7,Gradient,0.14207193507439775,,30.0,2.6135551782780487e-05,0.5608381844937258,0.66167591748119,COMPLETE
42,0.7940522282028847,2026-05-20 14:29:42.870536,2026-05-20 14:30:46.267768,0 days 00:01:03.397232,,MVS,252,5.7646910239000375,1.733248493092427,9.07123065719955,4.708274906473246,5,SymmetricTree,2900,2.0926394658087675e-07,2,Newton,0.0668944508705535,,,0.3268677933705696,0.7154141093816115,0.9485792839362994,COMPLETE
43,0.8503122850624175,2026-05-20 14:30:46.440155,2026-05-20 14:33:24.617328,0 days 00:02:38.177173,,MVS,236,3.242590499321649,2.2518302631888947,4.434887535538493,15.872498517726928,8,Lossguide,4500,0.020073966890985773,4,Newton,0.057711300219934876,193.0,9.0,3.787402902051782e-07,0.6512623149352439,0.49977002125364767,COMPLETE
44,0.7719211759095181,2026-05-20 14:33:24.773034,2026-05-20 14:34:21.160536,0 days 00:00:56.387502,,MVS,164,4.630859716735589,3.597810783924812,7.9368784268867785,18.748341392682878,5,Lossguide,4800,1.974814703387373e-08,5,Newton,0.10036770529269877,41.0,8.0,2.2928539855701793e-06,0.43085548809055024,0.8625473222474931,COMPLETE
45,0.7471375429784716,2026-05-20 14:34:21.349330,2026-05-20 14:36:21.385654,0 days 00:02:00.036324,,MVS,130,2.8718460841622666,4.321380432043936,10.691871903249934,17.152017434346497,10,SymmetricTree,2100,1.9799159538063358e-07,6,Newton,0.007274728380567124,,,3.565629255234839,0.5110797573031718,0.8839366887168698,COMPLETE
46,0.6739734054742109,2026-05-20 14:36:21.551877,2026-05-20 14:36:39.214715,0 days 00:00:17.662838,4.742142166574638,Bayesian,188,8.374697004431436,1.9359521295946505,12.823691579490985,21.82698097275421,7,SymmetricTree,4700,4.744534440490952,10,Newton,0.010472738995529371,,,2.0207556756823937e-08,0.5784094044235305,,COMPLETE
47,0.8157911575798457,2026-05-20 14:36:39.385565,2026-05-20 14:37:20.702079,0 days 00:00:41.316514,,MVS,208,9.421143135872514,2.8802171031224537,13.24582341757879,2.489196449558904,4,Lossguide,2000,9.728474884995386e-06,7,Newton,0.09721089584183053,21.0,88.0,0.0007168390100078087,0.5912515017592419,0.5397756848521803,COMPLETE
48,0.8313264406539629,2026-05-20 14:37:20.871245,2026-05-20 14:38:49.197822,0 days 00:01:28.326577,,MVS,126,0.6698023799674312,0.6894193533636285,4.270508514698739,8.815086770487772,10,SymmetricTree,3300,0.19099425317998925,3,Gradient,0.1788545765324118,,,5.753088296778359e-05,0.8425493809533349,0.572343394992449,COMPLETE
49,0.8239902971840127,2026-05-20 14:38:49.368963,2026-05-20 14:40:43.456213,0 days 00:01:54.087250,,Bernoulli,136,2.5946189861666658,1.2943761440247872,4.229377364048622,13.791835753379697,6,Lossguide,4100,2.145412457268019,2,Newton,0.0072103490608242645,172.0,61.0,3.181179686727532,0.7680468335264246,0.9656390644810754,COMPLETE
50,0.8421964949918236,2026-05-20 14:40:43.627482,2026-05-20 14:41:32.128820,0 days 00:00:48.501338,,Bernoulli,176,6.311075625640817,2.333487430426506,7.278355602998426,22.69986514493269,10,Lossguide,2100,2.1416558885571364,1,Newton,0.2956627565153393,115.0,98.0,1.0111206659121574,0.9119955768507267,0.5935877762305647,COMPLETE
51,0.8039425960166294,2026-05-20 14:41:32.387214,2026-05-20 14:42:11.306551,0 days 00:00:38.919337,2.4717970270479426,Bayesian,88,0.8499107197681127,2.8197678841284586,2.608536652132032,13.287507567518965,4,Depthwise,3500,0.0007040466084908965,9,Newton,0.07058490047304962,,15.0,1.636865598587887e-08,0.9037001221493249,,COMPLETE
52,0.8390529505252831,2026-05-20 14:42:11.472029,2026-05-20 14:42:36.283073,0 days 00:00:24.811044,,MVS,228,8.089281848840946,3.3815930034722874,4.40940660774219,4.0608101191926425,6,SymmetricTree,2500,8.280874344750354e-08,4,Gradient,0.03964765575749858,,,4.119293066373599e-06,0.892319102652202,0.5946331185604761,COMPLETE
53,0.859335979715745,2026-05-20 14:42:36.418749,2026-05-20 14:44:15.352338,0 days 00:01:38.933589,,Bernoulli,198,3.2232644254030047,2.173051429440648,3.4430623073115436,16.424462319144098,9,Lossguide,3900,6.080100951293775e-05,8,Gradient,0.12471110425857038,75.0,1.0,0.005858900916515797,0.7253304753576887,0.5893054875016788,COMPLETE
54,0.8146735982510972,2026-05-20 14:44:15.519792,2026-05-20 14:44:26.306468,0 days 00:00:10.786676,,MVS,126,6.76790171903566,3.6758706860779835,2.113103552329857,10.999855614482996,5,Depthwise,4500,7.277490330804465e-05,6,Newton,0.2405433665079642,,1.0,0.00010081809890924868,0.41465133389875863,0.5920119324512624,COMPLETE
55,0.8672034854084447,2026-05-20 14:44:26.446469,2026-05-20 14:45:36.038999,0 days 00:01:09.592530,,Bernoulli,200,6.051241197065643,3.047572830423385,2.54794118905528,6.907593969828634,10,Lossguide,4600,0.0005014569001324423,9,Gradient,0.1266282923923817,73.0,1.0,0.0013477382972798102,0.7055283097983825,0.5947523757487012,COMPLETE
56,0.8667781174993024,2026-05-20 14:45:36.215358,2026-05-20 14:46:31.092035,0 days 00:00:54.876677,,Bernoulli,180,8.617188175207772,2.32713823737959,1.6049447361036895,11.09474316350626,9,Lossguide,4600,0.0028469996840175785,8,Gradient,0.21251062212312485,63.0,1.0,0.00045136809039914916,0.7379375246146023,0.5962759771484728,COMPLETE
57,0.862242413998884,2026-05-20 14:46:31.263600,2026-05-20 14:47:30.937570,0 days 00:00:59.673970,,Bernoulli,214,7.155898146411633,3.6189231083438456,3.20044045577676,12.607671966499089,9,Lossguide,4400,0.00020059859386872166,9,Gradient,0.1981499794446293,59.0,1.0,1.0932564808515002e-05,0.7072429275436857,0.5524631604479553,COMPLETE
58,0.8667249240562036,2026-05-20 14:47:31.097373,2026-05-20 14:49:05.223891,0 days 00:01:34.126518,,Bernoulli,158,8.547934461672961,1.2294009901923237,1.196774222941763,12.16740395382428,9,Lossguide,4600,0.04626718621482139,7,Gradient,0.14074612221695693,60.0,1.0,0.0002834820794045346,0.7326806694256527,0.5843630135206995,COMPLETE
59,0.8639293338773621,2026-05-20 14:49:05.397262,2026-05-20 14:50:20.175721,0 days 00:01:14.778459,,Bernoulli,172,8.192299303142827,2.2268794025315546,2.098029127967709,13.459094156015357,8,Lossguide,4400,0.013159326786062778,9,Gradient,0.17009801683187198,60.0,1.0,0.00015169628095629037,0.6845977189695038,0.5831251427043279,COMPLETE
60,0.8673891878571529,2026-05-20 14:50:20.339734,2026-05-20 14:51:54.280986,0 days 00:01:33.941252,,Bernoulli,206,9.96723783733222,3.1996054410993358,1.29705444606886,13.974010330759405,9,Lossguide,4500,0.00016077033815488172,9,Gradient,0.13985198095480586,56.0,1.0,0.0025164791224516476,0.6255980404244135,0.591496813288713,COMPLETE
61,0.8632702445774921,2026-05-20 14:51:54.455412,2026-05-20 14:53:06.665181,0 days 00:01:12.209769,,Bernoulli,242,8.871823359973014,3.9585529585220165,3.4300723532869393,8.71108181522516,10,Lossguide,5000,1.2600476498389326e-05,9,Gradient,0.153043006425422,57.0,1.0,1.1550963203029811e-07,0.6386339398248249,0.5889220763451298,COMPLETE
62,0.8618439777842445,2026-05-20 14:53:06.820120,2026-05-20 14:53:59.538797,0 days 00:00:52.718677,,Bernoulli,114,7.256241099332895,1.0994461579671155,2.193386358928285,14.420524287843847,9,Lossguide,4100,1.0180892404315143,5,Gradient,0.2948280679259224,55.0,1.0,0.00015273785517096186,0.8617912983319564,0.6141273192838914,COMPLETE
63,0.8259045786393411,2026-05-20 14:53:59.706559,2026-05-20 14:54:39.446055,0 days 00:00:39.739496,,Bernoulli,192,9.601438041489256,4.134156198377499,4.258711961106072,8.86387065030307,10,Depthwise,4900,4.46666264679243e-06,7,Newton,0.10140764344937725,,1.0,2.420005153139671e-08,0.653796525082957,0.6177937866485597,COMPLETE
64,0.863034742195796,2026-05-20 14:54:39.618562,2026-05-20 14:56:01.936056,0 days 00:01:22.317494,,Bernoulli,176,9.782018485172136,3.7310701591356548,2.3050595528513345,21.24043835828958,9,Lossguide,3900,0.00013818455277535217,9,Gradient,0.16844076526783908,58.0,1.0,0.1025341168745464,0.5506101749745828,0.5976088367490374,COMPLETE
65,0.8286511266756413,2026-05-20 14:56:02.117217,2026-05-20 14:58:37.174118,0 days 00:02:35.056901,9.988506394533967,Bayesian,148,9.812286291934573,1.3769307639525363,3.7699488280552913,15.309621878759067,8,Lossguide,4700,0.008747070217791145,8,Newton,0.13750666090447874,58.0,1.0,0.018864101657205756,0.7767990834486664,,COMPLETE
66,0.8454835350311327,2026-05-20 14:58:37.338114,2026-05-20 15:00:27.000446,0 days 00:01:49.662332,3.2567643211170556,Bayesian,238,9.460706966486862,4.429693986548525,6.276101330926579,4.786952270771601,9,Lossguide,4700,2.9867275797132985e-07,7,Gradient,0.04739305362686433,62.0,1.0,8.709720810731406e-08,0.5751802663713391,,COMPLETE
67,0.8629182274574282,2026-05-20 15:00:27.160133,2026-05-20 15:01:36.326287,0 days 00:01:09.166154,,Bernoulli,178,9.350702781330524,2.2019133802312316,3.435885085250496,7.541336748679485,10,SymmetricTree,4400,0.007399932507790203,9,Gradient,0.22837546384986512,,,0.01646449404528857,0.5407447207209185,0.6126401776322747,COMPLETE
68,0.8665111757628571,2026-05-20 15:01:36.498031,2026-05-20 15:02:29.809411,0 days 00:00:53.311380,,MVS,176,6.132563357043228,2.142139075940004,2.3944556453607837,7.133440073344017,10,Lossguide,4900,0.0008418074326040161,6,Gradient,0.20987493383259892,64.0,1.0,0.007480158413006401,0.8065048182465484,0.5690768514121161,COMPLETE
69,0.8693879178245277,2026-05-20 15:02:29.988155,2026-05-20 15:04:01.422183,0 days 00:01:31.434028,,MVS,162,6.051104981745384,1.9450361482746779,1.5337406173921337,7.593351790960959,8,Lossguide,5000,2.1635552438787223e-05,6,Gradient,0.14625872687442742,71.0,17.0,0.006411856855550644,0.7504642974715692,0.5441986623127221,COMPLETE
70,0.8538039636185673,2026-05-20 15:04:01.589938,2026-05-20 15:05:16.543656,0 days 00:01:14.953718,,MVS,194,5.643793162501836,2.207183914632057,6.522949115222164,3.261485225907574,7,Lossguide,4900,1.2640101236331212e-05,5,Gradient,0.2755412362491619,78.0,19.0,0.006057824366960612,0.7180783450890629,0.5183418139295793,COMPLETE
71,0.8717186521696778,2026-05-20 15:05:16.706302,2026-05-20 15:06:52.890961,0 days 00:01:36.184659,,Bernoulli,170,4.451918560497271,2.742200102467166,2.1176875324447058,2.5743006776287984,9,Lossguide,3900,0.00010553703313163149,10,Gradient,0.04808525047023985,68.0,16.0,0.01925962012438829,0.6501569686991421,0.5505894000311625,COMPLETE
72,0.8743965455631807,2026-05-20 15:06:53.064761,2026-05-20 15:08:37.121642,0 days 00:01:44.056881,,MVS,150,3.6413721799401584,1.9672503276103566,1.6654431169525288,2.3448809012180862,9,Lossguide,3800,1.930851530037696e-06,10,Gradient,0.036426390614391166,77.0,19.0,0.08123524077464245,0.7338632579031474,0.523999333685537,COMPLETE
73,0.8651421679442107,2026-05-20 15:08:37.295201,2026-05-20 15:09:23.266977,0 days 00:00:45.971776,,MVS,150,3.9461462402970575,2.5980896183777675,2.297717020442444,3.3122691806489093,7,SymmetricTree,3500,0.0006123824204662024,10,Gradient,0.03805446075284723,,,1.3281148609286972,0.6227805217560092,0.49914496461831037,COMPLETE
74,0.8603418136735547,2026-05-20 15:09:23.437623,2026-05-20 15:11:27.901231,0 days 00:02:04.463608,,Bernoulli,130,4.118491995890317,2.107239284634644,2.553468445713781,3.4976748421867327,9,Lossguide,4000,1.4611483848011734e-07,10,Gradient,0.01047200288320566,92.0,22.0,0.0004155171537602121,0.7982058755464435,0.5096175088019306,COMPLETE
75,0.8499930799657875,2026-05-20 15:11:28.085546,2026-05-20 15:12:35.546533,0 days 00:01:07.460987,,MVS,148,5.1051754847924675,2.8705310638013373,5.299066010537167,3.642201933996642,9,Lossguide,2200,3.784299024353447e-08,8,Gradient,0.0424161837034187,88.0,21.0,0.6188643776877168,0.7149515656788644,0.5251314634207536,COMPLETE
76,0.8610370977751304,2026-05-20 15:12:35.717778,2026-05-20 15:14:46.351166,0 days 00:02:10.633388,7.455181346240774,Bayesian,196,5.105844174737631,3.636543680521503,2.6222708121687224,4.731064902747018,8,Lossguide,4700,0.006178871043592861,10,Gradient,0.09149494169178608,81.0,20.0,0.03928070039638699,0.5788874989991157,,COMPLETE
77,0.8609093641809793,2026-05-20 15:14:46.511928,2026-05-20 15:16:43.540241,0 days 00:01:57.028313,,Bernoulli,138,4.034272175164904,1.4380014876409517,3.7994512410777324,3.816412047022522,10,Lossguide,4700,0.00010696106101648891,8,Gradient,0.0712919249594458,72.0,18.0,0.04789729249561273,0.5903935922221799,0.6504747534124662,COMPLETE
78,0.8698629842463523,2026-05-20 15:16:43.712754,2026-05-20 15:17:34.983531,0 days 00:00:51.270777,,Bernoulli,226,3.3291521970339852,2.3880972015820703,2.080278957653726,2.1517658159461615,10,Lossguide,4000,0.0017294360741428223,10,Gradient,0.04888865916232308,23.0,18.0,0.6996291296317095,0.8566010808534881,0.5257119588229343,COMPLETE
79,0.8492255398266888,2026-05-20 15:17:35.151383,2026-05-20 15:18:11.356576,0 days 00:00:36.205193,,Bernoulli,238,3.1430666014899655,2.9912625814892864,4.406283561189581,2.1029977962753628,10,Lossguide,3200,0.0004547199324168263,9,Gradient,0.03210142834931484,20.0,22.0,0.3723181262553978,0.8765252306864022,0.4120622725472806,COMPLETE
80,0.8626864799284798,2026-05-20 15:18:11.525048,2026-05-20 15:19:53.723480,0 days 00:01:42.198432,,MVS,166,4.231941771960862,2.090940320811827,2.476888118840412,4.4844739628692105,9,Lossguide,4600,2.652714319412737e-08,10,Newton,0.0679751952823579,19.0,22.0,0.030113812811395177,0.9088535396327767,0.4953869977430367,COMPLETE
81,0.8507565643664365,2026-05-20 15:19:53.894332,2026-05-20 15:21:57.739981,0 days 00:02:03.845649,,MVS,110,1.0452835163877214,2.5930971109551484,3.6227070532380976,6.937253027636201,9,Lossguide,4500,0.0004544933232588722,10,Gradient,0.04202405516984923,83.0,17.0,0.004458959521774912,0.8044451411523129,0.5351075944032058,COMPLETE
82,0.8614850463737962,2026-05-20 15:21:57.912373,2026-05-20 15:22:58.830454,0 days 00:01:00.918081,2.8837720463913366,Bayesian,226,5.5156231119881785,1.6486610144550262,2.1971824893206837,6.039117882753901,9,Depthwise,4100,0.006144091777087735,9,Gradient,0.05322651927342485,,17.0,1.6779702090124886,0.9314130864631198,,COMPLETE
83,0.867633364552051,2026-05-20 15:22:58.990105,2026-05-20 15:23:36.576580,0 days 00:00:37.586475,,Bernoulli,240,5.813563052007587,2.163607459538312,1.0514711142679882,17.154022938523063,10,Depthwise,3500,0.0002530707790512853,7,Gradient,0.2680294434688822,,15.0,0.001257917128449585,0.8706271977029416,0.54092378938223,COMPLETE
84,0.858134383773287,2026-05-20 15:23:36.758700,2026-05-20 15:24:11.709894,0 days 00:00:34.951194,,Bernoulli,250,6.2606669088274005,2.3933971897989945,3.275364369692829,21.32668441678606,9,Depthwise,2200,6.72277990785733e-05,6,Gradient,0.2725403071793259,,21.0,0.0690294626507767,0.8840489857837088,0.5066801787817604,COMPLETE
85,0.8650756285559067,2026-05-20 15:24:11.880959,2026-05-20 15:24:37.238155,0 days 00:00:25.357196,,Bernoulli,218,3.3581866060018553,2.5569942234702054,2.3522563624321875,12.44671895011583,10,Depthwise,3400,0.011372234541221493,8,Gradient,0.2943645093518373,,19.0,3.162418033839609e-06,0.8845652249159118,0.5117132119782917,COMPLETE
86,0.8662636026559631,2026-05-20 15:24:37.416370,2026-05-20 15:25:29.553486,0 days 00:00:52.137116,,Bernoulli,164,9.107095029189502,3.7065426009478912,3.113191459044061,2.895285561278315,10,Lossguide,3700,1.1784760532323073e-06,10,Gradient,0.174495464573892,109.0,18.0,2.4817812901905905,0.7184470406210308,0.5409804901180222,COMPLETE
87,0.7671118141499177,2026-05-20 15:25:29.722850,2026-05-20 15:26:31.536332,0 days 00:01:01.813482,,MVS,182,2.2633902124259384,1.6335392218675657,4.307865864916212,2.4108558000113813,9,Depthwise,3800,2.2787418198886593e-05,10,Newton,0.02055100345448021,,17.0,0.006073213406592339,0.5566598073525681,0.6522846412664174,COMPLETE
88,0.8616660556536134,2026-05-20 15:26:31.710941,2026-05-20 15:27:16.126288,0 days 00:00:44.415347,,Bernoulli,136,5.138570941460399,3.6243918119625644,3.7573771340998263,3.133330111461795,10,Depthwise,2500,0.0004967450596834814,9,Gradient,0.0369018629388251,,34.0,6.298953513815055e-05,0.7018020640865441,0.521138118341361,COMPLETE
89,0.8573506376036777,2026-05-20 15:27:16.290487,2026-05-20 15:28:14.316286,0 days 00:00:58.025799,,Bernoulli,252,8.596743732552683,1.3584117954413395,1.5979661476221567,17.845022557557883,8,Depthwise,4800,0.0010192039589736043,7,Gradient,0.09823555511973459,,16.0,0.003641483614779515,0.9373890251874019,0.5601338941965034,COMPLETE
90,0.868139859553386,2026-05-20 15:28:14.477931,2026-05-20 15:30:13.356951,0 days 00:01:58.879020,,Bernoulli,208,5.912166516174723,2.5238540024949723,1.0943450837639146,18.534645034979945,10,SymmetricTree,3700,3.814063234779166e-07,10,Gradient,0.14591087913273645,,,0.006052034631997255,0.8289863480384574,0.6563634411641847,COMPLETE
91,0.8593077150026422,2026-05-20 15:30:13.518745,2026-05-20 15:32:38.100003,0 days 00:02:24.581258,,Bernoulli,166,6.464305092602505,3.61626506743785,3.973061067232414,20.25741048629348,10,SymmetricTree,4800,1.0914288462796882e-06,7,Gradient,0.10555863135529864,,,0.0010436268924079468,0.8729900597034299,0.6921970794207903,COMPLETE
92,0.7705022984052927,2026-05-20 15:32:38.404827,2026-05-20 15:33:43.221085,0 days 00:01:04.816258,,Bernoulli,200,6.011121938573247,1.6154759844261681,1.0229164918956173,22.73880949734268,9,Depthwise,2800,1.4051361958921065e-08,9,Newton,0.12083592175426167,,15.0,0.005246023055903359,0.6982189874215605,0.6582991174540499,COMPLETE
93,0.7724989020277904,2026-05-20 15:33:43.393944,2026-05-20 15:34:20.679507,0 days 00:00:37.285563,,Bernoulli,252,3.9802858929030673,1.8272683637186717,1.0543711732061636,15.608060900503329,10,SymmetricTree,4100,4.7847935794673e-08,9,Newton,0.0890159994772262,,,0.0008617240984536851,0.8664178018115143,0.6437977217790463,COMPLETE
94,0.8621217570935462,2026-05-20 15:34:20.851049,2026-05-20 15:35:54.204663,0 days 00:01:33.353614,,Bernoulli,242,4.922398179835183,1.8819694091404457,3.197470396410483,16.0140033672874,10,SymmetricTree,3200,0.0001067533117709634,10,Gradient,0.23252274602604422,,,9.447147802035804,0.8447911446232235,0.5788218726441354,COMPLETE
95,0.8672589919455932,2026-05-20 15:35:54.376269,2026-05-20 15:36:44.798647,0 days 00:00:50.422378,,MVS,224,3.2822665067004926,2.1328023425509417,1.7671586969747213,6.2955004993312365,10,Lossguide,4900,0.03528033400925466,10,Gradient,0.05080791538559254,18.0,15.0,1.1854158921087763,0.911080821559756,0.4881351608093806,COMPLETE
96,0.8642143170587826,2026-05-20 15:36:44.967258,2026-05-20 15:37:59.772125,0 days 00:01:14.804867,,MVS,210,1.686624490445881,1.3977473216700251,2.0623198803483818,7.862995642955978,10,Depthwise,4900,0.5749791598142275,9,Gradient,0.045157461107363094,,35.0,0.0037836705101127665,0.8648594897502538,0.42877650916821075,COMPLETE
97,0.7953478026642837,2026-05-20 15:37:59.933549,2026-05-20 15:38:40.541136,0 days 00:00:40.607587,7.549638796874733,Bayesian,224,5.924791062971011,2.5831534788286072,5.6106851628801735,15.24609912708244,10,Lossguide,3700,0.001147310402388278,7,Gradient,0.07060282021938616,18.0,19.0,0.00043601722154617054,0.8476677622452771,,COMPLETE
98,0.8549108317259675,2026-05-20 15:38:40.712697,2026-05-20 15:42:25.925437,0 days 00:03:45.212740,,MVS,242,2.6350304801044233,2.083982227586679,2.9245388457099164,8.228366504938101,10,Lossguide,4900,0.0006753344950310124,8,Gradient,0.014241068767733605,256.0,17.0,1.783655482882986,0.8582867646083219,0.4644027499533273,COMPLETE
99,0.865119073420963,2026-05-20 15:42:26.095048,2026-05-20 15:45:16.932002,0 days 00:02:50.836954,,Bernoulli,242,3.811174161463644,2.40817183096747,2.025955353526504,8.572077414597171,10,Lossguide,5000,0.02884830682949264,8,Newton,0.03778148397873698,22.0,31.0,0.10000902950466685,0.7260354826322291,0.48724924200337677,COMPLETE
100,0.8659949456314727,2026-05-20 15:45:17.087473,2026-05-20 15:46:20.526617,0 days 00:01:03.439144,,MVS,162,7.587206056918831,1.823365417899305,1.486554423247712,10.116623372317651,9,Depthwise,4800,1.5927421539828106e-08,6,Gradient,0.07857242590254013,,16.0,0.019376423626210233,0.745251668792591,0.507287389643161,COMPLETE
101,0.8558018026728892,2026-05-20 15:46:20.690677,2026-05-20 15:48:13.022819,0 days 00:01:52.332142,0.022593433946063612,Bayesian,204,5.126614159191035,2.586063015991814,4.622320078842769,20.90952551515637,10,SymmetricTree,3400,3.998617535361924e-08,9,Gradient,0.1626388050510399,,,4.239530849100879e-06,0.9848225604849388,,COMPLETE
102,0.8664437000954397,2026-05-20 15:48:13.190616,2026-05-20 15:48:51.895712,0 days 00:00:38.705096,,MVS,198,4.2203483940294895,1.7309683725351537,2.049333692555818,4.113466089013931,9,Lossguide,3700,9.028309878151548e-06,10,Gradient,0.09214146426021612,17.0,12.0,2.3380126332238094,0.671697155242269,0.5790829717869631,COMPLETE
103,0.8602432138264632,2026-05-20 15:48:52.056780,2026-05-20 15:50:23.392484,0 days 00:01:31.335704,,Bernoulli,154,1.25647362169109,3.1809699823469773,2.371889710576018,3.78043121458223,7,Lossguide,4200,3.431086117101036e-05,10,Gradient,0.023720226128771366,108.0,12.0,0.03820466645099887,0.4841237335566696,0.5763033660649005,COMPLETE
104,0.8656099878312051,2026-05-20 15:50:23.567205,2026-05-20 15:51:55.955586,0 days 00:01:32.388381,,MVS,244,4.513495897322991,1.3244208598905165,1.9765475737138298,6.2306440044907925,8,Lossguide,4700,6.638167375823151,10,Gradient,0.03246390360240958,53.0,11.0,0.050047354353945445,0.925161301106521,0.6589315425085027,COMPLETE
105,0.865889125402455,2026-05-20 15:51:56.117123,2026-05-20 15:53:22.831639,0 days 00:01:26.714516,,MVS,214,2.6489422658807595,3.092138700748232,3.4833691663646533,3.1074679827303426,10,Lossguide,5000,5.3319328890873425,10,Gradient,0.09360487903302266,97.0,11.0,3.7569604089311897,0.9612336994854661,0.5581862873820337,COMPLETE
106,0.828414737395814,2026-05-20 15:53:23.000280,2026-05-20 15:54:39.252092,0 days 00:01:16.251812,,MVS,76,4.832378929891396,1.1452229605008588,4.809179400744674,12.637530767357118,7,Lossguide,4800,4.214861360327037e-06,3,Gradient,0.049046590792205094,49.0,10.0,0.24071130783230887,0.590199664669615,0.5645600119014745,COMPLETE
107,0.8608105582586617,2026-05-20 15:54:39.424499,2026-05-20 15:55:37.035364,0 days 00:00:57.610865,9.929382399551617,Bayesian,208,7.644047358270965,2.4322618154746025,1.2765840805858706,12.586583631024965,10,Depthwise,3400,6.489230521245698e-06,6,Gradient,0.23219763642177152,,1.0,1.20928114034248e-05,0.9129639348375111,,COMPLETE
108,0.8662591023126932,2026-05-20 15:55:37.209560,2026-05-20 15:56:38.078843,0 days 00:01:00.869283,,Bernoulli,212,2.547892618501393,3.585674784974917,1.3263303230727719,16.38847154732839,9,SymmetricTree,2800,1.2249767985110264e-08,10,Gradient,0.14079878286377565,,,0.00019982058115356765,0.6406443288449444,0.6429239933130428,COMPLETE
109,0.8597627786212885,2026-05-20 15:56:38.239896,2026-05-20 15:58:43.596074,0 days 00:02:05.356178,,MVS,210,8.947345934964291,4.295653441906797,2.3794957101857785,14.273443183236116,9,Lossguide,4300,0.00010884964531470083,9,Gradient,0.04030553915038406,86.0,11.0,0.0405109919694214,0.7610486839569812,0.49033351530758085,COMPLETE
110,0.8466402409555723,2026-05-20 15:58:43.762336,2026-05-20 15:59:58.540090,0 days 00:01:14.777754,,Bernoulli,142,4.753772920016567,3.209764300658514,2.8356327332853777,3.2301024226690034,8,Lossguide,3300,9.86360753348566e-06,8,Newton,0.05136073296267931,42.0,31.0,0.12654886851965239,0.6495043589772741,0.5741932917919084,COMPLETE
111,0.87427330237195,2026-05-20 15:59:58.709490,2026-05-20 16:01:23.492069,0 days 00:01:24.782579,,MVS,110,2.335656203313602,2.346222690093314,1.4492900749951958,3.596567466110267,9,Lossguide,4000,2.1196648112343536e-08,10,Gradient,0.024543064491248146,60.0,3.0,0.13302287609492455,0.573171643445289,0.5974831385544495,COMPLETE
112,0.8574033438731469,2026-05-20 16:01:23.663219,2026-05-20 16:02:55.353554,0 days 00:01:31.690335,,MVS,96,4.299389375777627,1.9359629382460013,3.0966738051047527,3.1509571585121208,10,Lossguide,4300,8.271802715163298e-08,8,Gradient,0.012396916888484105,60.0,1.0,0.15874941575869614,0.5090352189679409,0.6178846950768493,COMPLETE
113,0.7439849798600683,2026-05-20 16:02:55.522999,2026-05-20 16:05:03.912971,0 days 00:02:08.389972,,MVS,56,1.626409654483438,2.123176758038427,3.7174262523586026,8.364111895754524,8,Lossguide,3500,1.9063568485299265e-06,10,Newton,0.014339149951036434,81.0,1.0,0.997658129480381,0.711257808482763,0.5866341651427213,COMPLETE
114,0.8690160439853061,2026-05-20 16:05:04.069494,2026-05-20 16:05:33.916989,0 days 00:00:29.847495,,Bernoulli,200,7.2270328208205825,2.5775539389763638,1.2249616487957642,9.206623955449826,10,Depthwise,3800,0.03712719979054844,5,Gradient,0.2731537891569805,,10.0,1.3819100054950715,0.9552776987989214,0.5480018519981948,COMPLETE
115,0.8655772363876395,2026-05-20 16:05:34.048095,2026-05-20 16:06:10.882992,0 days 00:00:36.834897,,Bernoulli,212,4.782850750322758,1.729121611263611,2.3289503614404605,8.784264418965972,10,Depthwise,4200,0.04381849867126004,3,Gradient,0.26311142513400465,,15.0,0.10603936739119826,0.8985989594796,0.49281822097669586,COMPLETE
116,0.8632238133616024,2026-05-20 16:06:11.051548,2026-05-20 16:07:51.092604,0 days 00:01:40.041056,,Bernoulli,176,9.133287923097678,1.626981469259945,1.4327529653749402,7.333064436622721,10,SymmetricTree,3700,3.9426560711987425e-05,3,Gradient,0.07407898372474071,,,1.0456025169859466,0.7787958187589303,0.525234261324942,COMPLETE
117,0.8745615824254773,2026-05-20 16:07:51.255883,2026-05-20 16:10:52.352938,0 days 00:03:01.097055,,Bernoulli,168,2.078402772561806,1.9967028899494015,1.5978575707367613,3.5268261501502214,9,Lossguide,4700,0.0015111182873109462,10,Gradient,0.034360897838379256,138.0,14.0,4.656817853011727,0.9992296615818053,0.541647524067658,COMPLETE
118,0.8627289947146142,2026-05-20 16:10:52.533330,2026-05-20 16:11:48.360117,0 days 00:00:55.826787,3.5192508159286797,Bayesian,182,7.927600260083118,2.6296109693924614,1.71843500460291,12.089915060634432,10,Depthwise,4300,0.07173439171418032,5,Gradient,0.22840035071910847,,27.0,4.016225460733938,0.804250323304307,,COMPLETE
119,0.8606354336293442,2026-05-20 16:11:48.531604,2026-05-20 16:12:39.265888,0 days 00:00:50.734284,,Bernoulli,62,1.6062653839829835,0.5375874068560078,1.249479099237529,7.931625493544599,8,Depthwise,4200,1.9205751701866978e-07,10,Gradient,0.03634998504956047,,19.0,0.08788101566912444,0.523484608055843,0.47084852659420434,COMPLETE
120,0.8643436682983495,2026-05-20 16:12:39.438984,2026-05-20 16:14:22.658774,0 days 00:01:43.219790,,Bernoulli,172,4.1609854131722095,2.5885429516309424,3.381176568094294,2.4290720706662032,9,SymmetricTree,5000,8.097980790395294e-05,9,Gradient,0.035110459226458904,,,5.242650797554799,0.9986136273551941,0.5096569248733729,COMPLETE
121,0.8624743400551985,2026-05-20 16:14:22.835790,2026-05-20 16:15:58.627468,0 days 00:01:35.791678,,MVS,58,0.7002109142109625,1.6658385064438166,1.3648822474390858,6.049032765247487,10,SymmetricTree,3300,1.3327000983210847e-07,10,Gradient,0.017893069029770274,,,3.723257948994605e-05,0.6514389010625389,0.5619500094221859,COMPLETE
122,0.8661143146058267,2026-05-20 16:15:58.800607,2026-05-20 16:17:48.234260,0 days 00:01:49.433653,,Bernoulli,200,3.0027027039800602,0.9226705679823561,1.5725158215793635,3.03887041488599,8,Lossguide,3600,5.943391810923391e-06,8,Gradient,0.017787032716364993,145.0,13.0,2.0842342180488163,0.9610654628631958,0.560466469656547,COMPLETE
123,0.856170120863319,2026-05-20 16:17:48.404498,2026-05-20 16:18:13.826921,0 days 00:00:25.422423,,Bernoulli,232,8.132304263356598,3.229129692183296,3.684709491253449,7.173474115028192,10,Depthwise,3200,0.0024720522914081994,6,Newton,0.12528538118890487,,12.0,1.5075045368695545,0.8698356390093367,0.5653583946426469,COMPLETE
124,0.8528372350649057,2026-05-20 16:18:13.998176,2026-05-20 16:20:35.853061,0 days 00:02:21.854885,,Bernoulli,150,2.1232845250168975,1.4135137061393055,5.122979363243812,2.9933333474949495,8,Lossguide,4100,0.029991295844639627,10,Gradient,0.06328325293598101,140.0,13.0,0.0018133699316091045,0.9339598546477734,0.7170481576620846,COMPLETE
125,0.8657100866697581,2026-05-20 16:20:36.023831,2026-05-20 16:21:56.287985,0 days 00:01:20.264154,,MVS,232,9.520400806653324,2.53535465399679,1.4926823479176339,12.977499328117847,9,Lossguide,3400,0.0006030429524876543,8,Gradient,0.29000813251069674,137.0,12.0,0.0007057127484146606,0.47553790772588933,0.5453572979914161,COMPLETE
126,0.8736527290549324,2026-05-20 16:21:56.459521,2026-05-20 16:25:25.477489,0 days 00:03:29.017968,,MVS,162,2.552717391312312,1.871233410741737,1.3769485994491628,6.652258304624205,9,Lossguide,3700,0.011292122455753733,10,Newton,0.03217994606591814,119.0,11.0,3.9631509989492155,0.9095773893717658,0.6288064839581875,COMPLETE
127,0.8590133058331935,2026-05-20 16:25:25.723004,2026-05-20 16:28:37.789246,0 days 00:03:12.066242,,MVS,186,1.5090302199456578,2.4101442750726667,1.8829268674052888,15.83474771792564,10,Lossguide,2600,0.003541785335955294,8,Newton,0.01332579277140438,130.0,27.0,2.48877188779301,0.9028080000509633,0.6741325545089167,COMPLETE
128,0.8752347390524788,2026-05-20 16:28:37.957420,2026-05-20 16:29:24.223178,0 days 00:00:46.265758,,MVS,168,4.117141573610357,1.9919916515039087,1.1574192422259337,3.036374757519426,9,SymmetricTree,3800,0.12680215813384688,8,Newton,0.12994140009404415,,,0.6044010599195688,0.9990935402182219,0.6392867682317774,COMPLETE
129,0.8645884939574892,2026-05-20 16:29:24.397993,2026-05-20 16:30:14.576099,0 days 00:00:50.178106,,MVS,184,5.961753861925712,2.3301864218798074,1.2709350826356,11.746315907477385,10,SymmetricTree,3200,0.22098079466647888,10,Newton,0.23459993104993904,,,0.2693450177292499,0.8198888020524279,0.6710703274083222,COMPLETE
130,0.8518410906382498,2026-05-20 16:30:14.736259,2026-05-20 16:33:14.490682,0 days 00:02:59.754423,,MVS,210,2.1397608548810623,2.694578360245696,1.1077350521395515,3.233440330945902,10,SymmetricTree,3400,4.334456081718336e-05,7,Newton,0.03491161237650432,,,0.8490196619739279,0.8263343586851665,0.6414866556516818,COMPLETE
131,0.871612391570841,2026-05-20 16:33:14.808092,2026-05-20 16:34:07.447375,0 days 00:00:52.639283,,MVS,152,4.953353689181229,2.3258528237764353,1.5565641687951242,2.7365826156275532,8,Lossguide,3200,0.008172001671969886,10,Newton,0.10523048818222806,123.0,17.0,0.2147855048076758,0.9312029278530273,0.6227004805886657,COMPLETE
132,0.855233788302637,2026-05-20 16:34:07.615991,2026-05-20 16:35:01.328946,0 days 00:00:53.712955,,MVS,162,3.777222134480274,3.1110023200547414,4.145009846968812,5.512169812496783,7,Lossguide,3500,0.04388395227207336,9,Newton,0.12216184446428643,131.0,27.0,0.4146353801752677,0.9995968307054277,0.6625847181652574,COMPLETE
133,0.8431028450727028,2026-05-20 16:35:01.498966,2026-05-20 16:37:33.874838,0 days 00:02:32.375872,,MVS,166,3.0278422451295315,0.5681503018027139,4.062133881511905,9.070474812387793,9,Lossguide,3400,0.0038918346629944482,10,Newton,0.05159946284205765,127.0,16.0,0.02250312783285035,0.9812279907738926,0.6347936543069146,COMPLETE
134,0.8552282826170625,2026-05-20 16:37:34.139068,2026-05-20 16:37:51.794578,0 days 00:00:17.655510,6.229784398451466,Bayesian,134,3.8523160172686683,1.331976940527194,1.397102036926848,5.7309076193713375,9,Depthwise,3100,0.0018514807163709816,8,Newton,0.2721222501973319,,14.0,0.01841709040689974,0.9895235732611642,,COMPLETE
135,0.8684471458415188,2026-05-20 16:37:52.046728,2026-05-20 16:39:29.160556,0 days 00:01:37.113828,,Bernoulli,142,4.086838047195485,1.9963315346609611,1.297117207554296,22.465250108871928,10,SymmetricTree,3700,2.162678760130854e-08,9,Gradient,0.28060583264456135,,,0.002615129296318386,0.8297410190666483,0.62476806000149,COMPLETE
136,0.8630435522575219,2026-05-20 16:39:29.430138,2026-05-20 16:41:13.723522,0 days 00:01:44.293384,,MVS,180,2.3675131842776187,1.3042578385402175,1.5687878783119111,18.96907363421487,10,SymmetricTree,3400,2.6867562637172397e-08,9,Gradient,0.08791570499788286,,,0.4030477578517652,0.8480287137446905,0.682318941719183,COMPLETE
137,0.865755043530628,2026-05-20 16:41:13.884950,2026-05-20 16:42:34.201667,0 days 00:01:20.316717,,Bernoulli,100,4.739598017603235,1.8158664766650334,1.012369698975415,18.425314911586042,9,SymmetricTree,4100,1.5964239916250627e-07,9,Gradient,0.1363364666715238,,,0.25886769029814394,0.8226479977715944,0.6264786687271306,COMPLETE
138,0.869778828425131,2026-05-20 16:42:34.375497,2026-05-20 16:43:18.668618,0 days 00:00:44.293121,,MVS,144,3.336761703836413,1.9465905510451356,1.5988023982015669,7.797807653781552,8,SymmetricTree,4500,0.11721588164734249,6,Newton,0.16256985050069897,,,1.154009030030578,0.9648315281554091,0.7503699321284354,COMPLETE
139,0.8703992762898393,2026-05-20 16:43:18.838202,2026-05-20 16:44:00.400433,0 days 00:00:41.562231,,MVS,136,2.5964716892422173,2.054170737171175,1.7010761102286271,6.627221289584215,9,SymmetricTree,3400,0.09538248367262257,6,Newton,0.1445005638066297,,,4.95635212581346,0.9804081152037174,0.7816941503947139,COMPLETE
140,0.8561119879391852,2026-05-20 16:44:00.573724,2026-05-20 16:45:02.358519,0 days 00:01:01.784795,,MVS,136,2.819886420781764,0.7375843011550833,3.3138940224485456,2.9164310389912593,9,SymmetricTree,3000,1.619473602299809,5,Newton,0.12265389159482795,,,2.831821337114861,0.9670006559325836,0.8003945024439274,COMPLETE
141,0.8684128471389903,2026-05-20 16:45:02.531063,2026-05-20 16:46:57.144927,0 days 00:01:54.613864,,MVS,160,4.406038532122114,2.2270953654386703,1.4105066079500073,9.889498278439586,7,SymmetricTree,4700,0.10899256280979036,8,Newton,0.08223669681335857,,,0.4912259523930193,0.9811837631155021,0.7947979349061753,COMPLETE
142,0.8583767631058136,2026-05-20 16:46:57.423900,2026-05-20 16:48:30.382070,0 days 00:01:32.958170,,MVS,94,1.7941743104519148,1.5421112599368643,2.3026107697936964,16.873996912138246,8,SymmetricTree,5000,0.033783123038113774,6,Newton,0.09042379369703107,,,6.595213608278169,0.905916197481542,0.8118332986200073,COMPLETE
143,0.8724208579457304,2026-05-20 16:48:30.547812,2026-05-20 16:49:22.269182,0 days 00:00:51.721370,,Bernoulli,136,6.202535757725311,1.5492417727815786,1.257415149720097,4.34103558347997,9,SymmetricTree,3800,3.225068912765531,8,Newton,0.22234256540093222,,,0.00021430008045166294,0.9968223885876827,0.7846524782032283,COMPLETE
144,0.8595369879231205,2026-05-20 16:49:22.442124,2026-05-20 16:50:10.166903,0 days 00:00:47.724779,,Bernoulli,112,5.790903298521181,1.419952639538093,3.0030152978823805,3.63417577050443,9,SymmetricTree,2400,0.011466985202005195,5,Newton,0.09391478386415891,,,0.00019392592206040994,0.9306052631924394,0.7947652953831552,COMPLETE
145,0.861325074331732,2026-05-20 16:50:10.335568,2026-05-20 16:51:12.362058,0 days 00:01:02.026490,,MVS,108,2.958723871667881,2.963214747613735,3.0949828068345515,8.361962682624208,9,SymmetricTree,3800,0.3071721605960637,7,Newton,0.11579233843379536,,,0.01734477417906886,0.9285273951961276,0.7787831224859143,COMPLETE
146,0.8739420239758683,2026-05-20 16:51:12.533093,2026-05-20 16:52:15.565807,0 days 00:01:03.032714,,Bernoulli,194,5.98653984122885,2.516471658758509,1.1342392351200266,4.819207872571906,9,SymmetricTree,3900,6.0859848190537695,7,Newton,0.18736106977628356,,,6.647894903395544e-07,0.9908621604872192,0.7756887924052613,COMPLETE
147,0.8687793953763695,2026-05-20 16:52:15.737373,2026-05-20 16:53:28.048273,0 days 00:01:12.310900,,Bernoulli,178,5.49155871156105,2.9279681676424136,1.0065714323790236,8.602520625771167,8,SymmetricTree,3500,0.3297931500661585,7,Newton,0.1538028562035326,,,5.7408415275330525e-08,0.9505134761464032,0.7625023270921865,COMPLETE
148,0.8709917114943908,2026-05-20 16:53:28.221453,2026-05-20 16:54:42.834175,0 days 00:01:14.612722,2.47849516705902,Bayesian,222,5.7774199288009385,3.246457418617894,1.3175506770194225,7.085189615577606,9,SymmetricTree,4300,28.437027001312448,6,Newton,0.2804080942240667,,,3.888207376382815e-08,0.9667176356142294,,COMPLETE
149,0.8699656915337147,2026-05-20 16:54:42.988049,2026-05-20 16:57:04.639900,0 days 00:02:21.651851,2.384964207106205,Bayesian,242,4.174454754887302,3.3201223395816677,1.5492327588805406,12.319595677812488,9,SymmetricTree,4400,22.549801927443397,3,Newton,0.13571300431430003,,,6.00011959015759e-08,0.8633549772834848,,COMPLETE
150,0.8624174310095747,2026-05-20 16:57:04.966249,2026-05-20 16:57:42.649016,0 days 00:00:37.682767,2.3739581202424964,Bayesian,230,5.6066636174364595,2.544554093842383,2.6310158829625117,6.011101747442789,10,SymmetricTree,3700,1.3135760333091544,4,Newton,0.25107229627927596,,,7.832301464382043e-05,0.9991663310354962,,COMPLETE
151,0.8721773427661119,2026-05-20 16:57:42.823646,2026-05-20 17:00:52.757684,0 days 00:03:09.934038,,MVS,60,0.8965176571910685,4.703539836237747,1.0212994465093086,3.827004124150352,10,Lossguide,3900,4.98144103969245e-07,10,Gradient,0.03656945190181181,169.0,34.0,0.593755210067944,0.5559476753444926,0.7845363290563273,COMPLETE
152,0.8557877861223379,2026-05-20 17:00:52.930938,2026-05-20 17:03:31.279447,0 days 00:02:38.348509,2.452740918396514,Bayesian,68,2.770497447542727,4.802869495568972,3.7770346050461017,4.986481289390877,10,Lossguide,4300,4.980506216464899e-08,9,Gradient,0.03282785547948247,181.0,47.0,0.07187836437884787,0.7615275069469383,,COMPLETE
153,,2026-05-20 17:03:31.454518,2026-05-20 17:05:11.006544,0 days 00:01:39.552026,,MVS,56,1.457877348472207,4.288537189342607,2.249210351104091,10.190201980016873,10,Lossguide,4600,3.4235058003742604e-06,8,Gradient,0.11580519718052343,168.0,43.0,0.7983097576604806,0.509054962526195,0.7697195021248703,FAIL
